Country,,,lat,lng,type,measure,beds,population,year,source,source_url
AD,,,42.5,1.5,ICU,1000HAB,0.071,83747,2011,icm-journal,https://link.springer.com/article/10.1007/s00134-012-2627-8
AD,,,42.5,1.5,TOTAL,1000HAB,2.5,84463,2009,wdi,https://data.worldbank.org/indicator/SH.MED.BEDS.ZS
AE,,,24,54,TOTAL,1000HAB,1.2,9197910,2013,wdi,https://data.worldbank.org/indicator/SH.MED.BEDS.ZS
AF,,,33,65,TOTAL,1000HAB,0.5,34413603,2015,wdi,https://data.worldbank.org/indicator/SH.MED.BEDS.ZS
AG,,,17.05,-61.8,TOTAL,1000HAB,3.8,92562,2014,wdi,https://data.worldbank.org/indicator/SH.MED.BEDS.ZS
AL,,,41,20,TOTAL,1000HAB,2.9,2895092,2013,wdi,https://data.worldbank.org/indicator/SH.MED.BEDS.ZS
AM,,,40,45,TOTAL,1000HAB,4.2,2925553,2015,wdi,https://data.worldbank.org/indicator/SH.MED.BEDS.ZS
AO,,,-12.5,18.5,TOTAL,1000HAB,0.8,19433602,2005,wdi,https://data.worldbank.org/indicator/SH.MED.BEDS.ZS
AR,,,-34,-64,TOTAL,1000HAB,5,42669500,2014,wdi,https://data.worldbank.org/indicator/SH.MED.BEDS.ZS
AT,,,47.33,13.33,ACUTE,1000HAB,5.45,8797566,2017,oecd,https://data.oecd.org/healtheqt/hospital-beds.htm
AT,,,47.33,13.33,ICU,1000HAB,0.218,8375000,2011,icm-journal,https://link.springer.com/article/10.1007/s00134-012-2627-8
AT,,,47.33,13.33,PSYCHIATRIC,1000HAB,0.61,8797566,2017,oecd,https://data.oecd.org/healtheqt/hospital-beds.htm
AT,,,47.33,13.33,TOTAL,1000HAB,7.37,8797566,2017,oecd,https://data.oecd.org/healtheqt/hospital-beds.htm
AU,,,-27,133,PSYCHIATRIC,1000HAB,0.42,24190907,2016,oecd,https://data.oecd.org/healtheqt/hospital-beds.htm
AU,,,-27,133,TOTAL,1000HAB,3.84,24190907,2016,oecd,https://data.oecd.org/healtheqt/hospital-beds.htm
AZ,,,40.5,47.5,TOTAL,1000HAB,4.7,9416801,2013,wdi,https://data.worldbank.org/indicator/SH.MED.BEDS.ZS
BA,,,44,18,TOTAL,1000HAB,3.5,3542605,2013,wdi,https://data.worldbank.org/indicator/SH.MED.BEDS.ZS
BB,,,13.17,-59.53,TOTAL,1000HAB,5.8,284825,2014,wdi,https://data.worldbank.org/indicator/SH.MED.BEDS.ZS
BD,,,24,90,ICU,1000HAB,0.007,159700000,2017,ccm-journal,https://www.researchgate.net/figure/Number-of-critical-care-beds-per-100-000-population_fig1_338520008
BD,,,24,90,TOTAL,1000HAB,0.8,156256276,2015,wdi,https://data.worldbank.org/indicator/SH.MED.BEDS.ZS
BE,,,50.83,4,ACUTE,1000HAB,4.98,11433256,2018,oecd,https://data.oecd.org/healtheqt/hospital-beds.htm
BE,,,50.83,4,ICU,1000HAB,0.159,11000000,2011,icm-journal,https://link.springer.com/article/10.1007/s00134-012-2627-8
BE,,,50.83,4,PSYCHIATRIC,1000HAB,1.36,11433256,2018,oecd,https://data.oecd.org/healtheqt/hospital-beds.htm
BE,,,50.83,4,TOTAL,1000HAB,5.64,11433256,2018,oecd,https://data.oecd.org/healtheqt/hospital-beds.htm
BF,,,13,-2,TOTAL,1000HAB,0.4,15605217,2010,wdi,https://data.worldbank.org/indicator/SH.MED.BEDS.ZS
BG,,,43,25,ACUTE,1000HAB,6.1682,7075947,2017,eurostat,https://data.europa.eu/euodp/en/data/dataset/vswUL3c6yKoyahrvIRyew
BG,,,43,25,ICU,1000HAB,0.122,7369000,2011,icm-journal,https://link.springer.com/article/10.1007/s00134-012-2627-8
BG,,,43,25,TOTAL,1000HAB,6.8,7265115,2013,wdi,https://data.worldbank.org/indicator/SH.MED.BEDS.ZS
BH,,,26,50.55,TOTAL,1000HAB,2,1336075,2014,wdi,https://data.worldbank.org/indicator/SH.MED.BEDS.ZS
BI,,,-3.5,30,TOTAL,1000HAB,0.8,9844297,2014,wdi,https://data.worldbank.org/indicator/SH.MED.BEDS.ZS
BJ,,,9.5,2.25,TOTAL,1000HAB,0.5,9199259,2010,wdi,https://data.worldbank.org/indicator/SH.MED.BEDS.ZS
BM,,,32.33,-64.75,TOTAL,1000HAB,6.3,60129,1996,world-bank,https://datahub.io/world-bank/sh.med.beds.zs
BN,,,4.5,114.67,ICU,1000HAB,0.131,424473,2017,ccm-journal,https://www.researchgate.net/figure/Number-of-critical-care-beds-per-100-000-population_fig1_338520008
BN,,,4.5,114.67,TOTAL,1000HAB,2.7,414907,2015,wdi,https://data.worldbank.org/indicator/SH.MED.BEDS.ZS
BO,,,-17,-65,TOTAL,1000HAB,1.1,10706517,2014,wdi,https://data.worldbank.org/indicator/SH.MED.BEDS.ZS
BR,,,-10,-55,ICU,1000HAB,0.210581,210147125,2018,ibge,https://www.kaggle.com/thiagobodruk/brazilianstates
BR,,,-10,-55,TOTAL,1000HAB,2.2,202800000,2014,wdi,https://data.worldbank.org/indicator/SH.MED.BEDS.ZS
BS,,,24.25,-76,TOTAL,1000HAB,2.9,367168,2013,wdi,https://data.worldbank.org/indicator/SH.MED.BEDS.ZS
BT,,,27.5,90.5,TOTAL,1000HAB,1.8,701583,2012,world-bank,https://datahub.io/world-bank/sh.med.beds.zs
BW,,,-22,24,TOTAL,1000HAB,1.8,1987105,2010,wdi,https://data.worldbank.org/indicator/SH.MED.BEDS.ZS
BY,,,53,28,TOTAL,1000HAB,11,9465997,2013,wdi,https://data.worldbank.org/indicator/SH.MED.BEDS.ZS
BZ,,,17.25,-88.75,TOTAL,1000HAB,1.3,353366,2014,wdi,https://data.worldbank.org/indicator/SH.MED.BEDS.ZS
CA,,,60,-95,ACUTE,1000HAB,1.95,37057765,2018,oecd,https://data.oecd.org/healtheqt/hospital-beds.htm
CA,,,60,-95,PSYCHIATRIC,1000HAB,0.34,37057765,2018,oecd,https://data.oecd.org/healtheqt/hospital-beds.htm
CA,,,60,-95,TOTAL,1000HAB,2.5,37057765,2018,oecd,https://data.oecd.org/healtheqt/hospital-beds.htm
CD,,,0,25,TOTAL,1000HAB,0.8,56578037,2006,wdi,https://data.worldbank.org/indicator/SH.MED.BEDS.ZS
CF,,,7,21,TOTAL,1000HAB,1,4418636,2011,wdi,https://data.worldbank.org/indicator/SH.MED.BEDS.ZS
CG,,,-1,15,TOTAL,1000HAB,1.6,3622775,2005,wdi,https://data.worldbank.org/indicator/SH.MED.BEDS.ZS
CH,,,47,8,ACUTE,1000HAB,3.56,8451840,2017,oecd,https://data.oecd.org/healtheqt/hospital-beds.htm
CH,,,47,8,ICU,1000HAB,0.11,7870134,2011,icm-journal,https://link.springer.com/article/10.1007/s00134-012-2627-8
CH,,,47,8,PSYCHIATRIC,1000HAB,0.93,8451840,2017,oecd,https://data.oecd.org/healtheqt/hospital-beds.htm
CH,,,47,8,TOTAL,1000HAB,4.53,8451840,2017,oecd,https://data.oecd.org/healtheqt/hospital-beds.htm
CI,,,8,-5,TOTAL,1000HAB,0.4,18754916,2006,wdi,https://data.worldbank.org/indicator/SH.MED.BEDS.ZS
CL,,,-30,-71,ACUTE,1000HAB,1.99,18470439,2017,oecd,https://data.oecd.org/healtheqt/hospital-beds.htm
CL,,,-30,-71,PSYCHIATRIC,1000HAB,0.1,18470439,2017,oecd,https://data.oecd.org/healtheqt/hospital-beds.htm
CL,,,-30,-71,TOTAL,1000HAB,2.11,18470439,2017,oecd,https://data.oecd.org/healtheqt/hospital-beds.htm
CM,,,6,12,TOTAL,1000HAB,1.3,20341241,2010,wdi,https://data.worldbank.org/indicator/SH.MED.BEDS.ZS
CN,,,35,105,ICU,1000HAB,0.036,1386000000,2017,ccm-journal,https://www.researchgate.net/figure/Number-of-critical-care-beds-per-100-000-population_fig1_338520008
CN,,,35,105,TOTAL,1000HAB,4.34,1386000000,2017,oecd,https://data.oecd.org/healtheqt/hospital-beds.htm
CO,,,4,-72,TOTAL,1000HAB,1.71,49650000,2018,oecd,https://data.oecd.org/healtheqt/hospital-beds.htm
CR,,,10,-84,TOTAL,1000HAB,1.13,4949954,2017,oecd,https://data.oecd.org/healtheqt/hospital-beds.htm
CU,,,21.5,-80,TOTAL,1000HAB,5.2,11306902,2014,wdi,https://data.worldbank.org/indicator/SH.MED.BEDS.ZS
CV,,,16,-24,TOTAL,1000HAB,2.1,492654,2010,wdi,https://data.worldbank.org/indicator/SH.MED.BEDS.ZS
CY,,,35,33,ACUTE,1000HAB,3.3996,1179680,2017,eurostat,https://data.europa.eu/euodp/en/data/dataset/vswUL3c6yKoyahrvIRyew
CY,,,35,33,ICU,1000HAB,0.114,838897,2011,icm-journal,https://link.springer.com/article/10.1007/s00134-012-2627-8
CY,,,35,33,TOTAL,1000HAB,3.4,1143866,2013,wdi,https://data.worldbank.org/indicator/SH.MED.BEDS.ZS
CZ,,,49.75,15.5,ACUTE,1000HAB,4.11,10594438,2017,oecd,https://data.oecd.org/healtheqt/hospital-beds.htm
CZ,,,49.75,15.5,ICU,1000HAB,0.116,10560000,2011,icm-journal,https://link.springer.com/article/10.1007/s00134-012-2627-8
CZ,,,49.75,15.5,PSYCHIATRIC,1000HAB,0.94,10594438,2017,oecd,https://data.oecd.org/healtheqt/hospital-beds.htm
CZ,,,49.75,15.5,TOTAL,1000HAB,6.63,10594438,2017,oecd,https://data.oecd.org/healtheqt/hospital-beds.htm
DE,,,51,9,ACUTE,1000HAB,6.02,82657002,2017,oecd,https://data.oecd.org/healtheqt/hospital-beds.htm
DE,,,51,9,ICU,1000HAB,0.431843,82175684,2017,kaggle,https://www.kaggle.com/manuelblechschmidt/icu-beds-in-germany
DE,,,51,9,PSYCHIATRIC,1000HAB,1.28,82657002,2017,oecd,https://data.oecd.org/healtheqt/hospital-beds.htm
DE,,,51,9,TOTAL,1000HAB,8,82657002,2017,oecd,https://data.oecd.org/healtheqt/hospital-beds.htm
DJ,,,11.5,43,TOTAL,1000HAB,1.4,898696,2014,wdi,https://data.worldbank.org/indicator/SH.MED.BEDS.ZS
DK,,,56,10,ACUTE,1000HAB,2.42,5793636,2018,oecd,https://data.oecd.org/healtheqt/hospital-beds.htm
DK,,,56,10,ICU,1000HAB,0.067,5580516,2011,icm-journal,https://link.springer.com/article/10.1007/s00134-012-2627-8
DK,,,56,10,PSYCHIATRIC,1000HAB,0.47,5793636,2018,oecd,https://data.oecd.org/healtheqt/hospital-beds.htm
DK,,,56,10,TOTAL,1000HAB,2.5,5793636,2018,oecd,https://data.oecd.org/healtheqt/hospital-beds.htm
DM,,,15.42,-61.33,TOTAL,1000HAB,3.8,70965,2012,wdi,https://data.worldbank.org/indicator/SH.MED.BEDS.ZS
DO,,,19,-70.67,TOTAL,1000HAB,1.6,10165178,2014,wdi,https://data.worldbank.org/indicator/SH.MED.BEDS.ZS
DZ,,,28,3,TOTAL,1000HAB,1.9,39728025,2015,wdi,https://data.worldbank.org/indicator/SH.MED.BEDS.ZS
EC,,,-2,-77.5,TOTAL,1000HAB,1.5,15707474,2013,wdi,https://data.worldbank.org/indicator/SH.MED.BEDS.ZS
EE,,,59,26,ACUTE,1000HAB,3.45,1317384,2017,oecd,https://data.oecd.org/healtheqt/hospital-beds.htm
EE,,,59,26,ICU,1000HAB,0.146,1294455,2011,icm-journal,https://link.springer.com/article/10.1007/s00134-012-2627-8
EE,,,59,26,PSYCHIATRIC,1000HAB,0.53,1317384,2017,oecd,https://data.oecd.org/healtheqt/hospital-beds.htm
EE,,,59,26,TOTAL,1000HAB,4.69,1317384,2017,oecd,https://data.oecd.org/healtheqt/hospital-beds.htm
EG,,,27,30,TOTAL,1000HAB,1.6,90424654,2014,wdi,https://data.worldbank.org/indicator/SH.MED.BEDS.ZS
ER,,,15,39,TOTAL,1000HAB,0.7,3213972,2011,wdi,https://data.worldbank.org/indicator/SH.MED.BEDS.ZS
ES,,,40,-4,ACUTE,1000HAB,2.43,46593236,2017,oecd,https://data.oecd.org/healtheqt/hospital-beds.htm
ES,,,40,-4,ICU,1000HAB,0.103085,46670000,2011,medintensiva,https://www.medintensiva.org/en-pdf-S2173572713000878
ES,,,40,-4,PSYCHIATRIC,1000HAB,0.36,46593236,2017,oecd,https://data.oecd.org/healtheqt/hospital-beds.htm
ES,,,40,-4,TOTAL,1000HAB,2.97,46593236,2017,oecd,https://data.oecd.org/healtheqt/hospital-beds.htm
ET,,,8,38,TOTAL,1000HAB,0.3,100835458,2015,wdi,https://data.worldbank.org/indicator/SH.MED.BEDS.ZS
FI,,,64,26,ACUTE,1000HAB,2.8,5508214,2017,oecd,https://data.oecd.org/healtheqt/hospital-beds.htm
FI,,,64,26,ICU,1000HAB,0.061,5375000,2011,icm-journal,https://link.springer.com/article/10.1007/s00134-012-2627-8
FI,,,64,26,PSYCHIATRIC,1000HAB,0.39,5508214,2017,oecd,https://data.oecd.org/healtheqt/hospital-beds.htm
FI,,,64,26,TOTAL,1000HAB,3.28,5508214,2017,oecd,https://data.oecd.org/healtheqt/hospital-beds.htm
FJ,,,-18,175,TOTAL,1000HAB,2.3,863449,2011,wdi,https://data.worldbank.org/indicator/SH.MED.BEDS.ZS
FM,,,6.92,158.25,TOTAL,1000HAB,3.2,102975,2009,world-bank,https://datahub.io/world-bank/sh.med.beds.zs
FR,,,46,2,ACUTE,1000HAB,3.0901,66865144,2017,eurostat,https://data.europa.eu/euodp/en/data/dataset/vswUL3c6yKoyahrvIRyew
FR,,,46,2,ICU,1000HAB,0.116,64930000,2011,icm-journal,https://link.springer.com/article/10.1007/s00134-012-2627-8
FR,,,46,2,PSYCHIATRIC,1000HAB,0.84,66865144,2017,oecd,https://data.oecd.org/healtheqt/hospital-beds.htm
FR,,,46,2,TOTAL,1000HAB,5.98,66865144,2017,oecd,https://data.oecd.org/healtheqt/hospital-beds.htm
GA,,,-1,11.75,TOTAL,1000HAB,6.3,1624140,2010,wdi,https://data.worldbank.org/indicator/SH.MED.BEDS.ZS
GB,,,54,-2,ACUTE,1000HAB,2.114,66058859,2017,eurostat,https://data.europa.eu/euodp/en/data/dataset/vswUL3c6yKoyahrvIRyew
GB,,,54,-2,ICU,1000HAB,0.066,63020000,2011,icm-journal,https://link.springer.com/article/10.1007/s00134-012-2627-8
GB,,,54,-2,PSYCHIATRIC,1000HAB,0.38,66058859,2017,oecd,https://data.oecd.org/healtheqt/hospital-beds.htm
GB,,,54,-2,TOTAL,1000HAB,2.54,66058859,2017,oecd,https://data.oecd.org/healtheqt/hospital-beds.htm
GD,,,12.12,-61.67,TOTAL,1000HAB,3.7,108902,2014,wdi,https://data.worldbank.org/indicator/SH.MED.BEDS.ZS
GE,,,42,43.5,TOTAL,1000HAB,2.6,3717668,2013,wdi,https://data.worldbank.org/indicator/SH.MED.BEDS.ZS
GH,,,8,-2,TOTAL,1000HAB,0.9,25387710,2011,wdi,https://data.worldbank.org/indicator/SH.MED.BEDS.ZS
GL,,,72,-40,TOTAL,1000HAB,14.3534,46400,1970,world-bank,https://datahub.io/world-bank/sh.med.beds.zs
GM,,,13.47,-16.57,TOTAL,1000HAB,1.1,1848147,2011,wdi,https://data.worldbank.org/indicator/SH.MED.BEDS.ZS
GN,,,11,-10,TOTAL,1000HAB,0.3,10420471,2011,wdi,https://data.worldbank.org/indicator/SH.MED.BEDS.ZS
GQ,,,2,10,TOTAL,1000HAB,2.1,943639,2010,wdi,https://data.worldbank.org/indicator/SH.MED.BEDS.ZS
GR,,,39,22,ACUTE,1000HAB,3.6028,10754679,2017,eurostat,https://data.europa.eu/euodp/en/data/dataset/vswUL3c6yKoyahrvIRyew
GR,,,39,22,ICU,1000HAB,0.06,11120000,2011,icm-journal,https://link.springer.com/article/10.1007/s00134-012-2627-8
GR,,,39,22,PSYCHIATRIC,1000HAB,0.74,10754679,2017,oecd,https://data.oecd.org/healtheqt/hospital-beds.htm
GR,,,39,22,TOTAL,1000HAB,4.21,10754679,2017,oecd,https://data.oecd.org/healtheqt/hospital-beds.htm
GT,,,15.5,-90.25,TOTAL,1000HAB,0.6,15923243,2014,wdi,https://data.worldbank.org/indicator/SH.MED.BEDS.ZS
GW,,,12,-15,TOTAL,1000HAB,1,1483921,2009,wdi,https://data.worldbank.org/indicator/SH.MED.BEDS.ZS
GY,,,5,-59,TOTAL,1000HAB,1.6,763380,2014,wdi,https://data.worldbank.org/indicator/SH.MED.BEDS.ZS
HK,,,22.25,114.17,ICU,1000HAB,0.071,7392000,2017,ccm-journal,https://www.researchgate.net/figure/Number-of-critical-care-beds-per-100-000-population_fig1_338520008
HK,,,22.25,114.17,TOTAL,1000HAB,4.8909,5456200,1985,world-bank,https://datahub.io/world-bank/sh.med.beds.zs
HN,,,15,-86.5,TOTAL,1000HAB,0.7,8955589,2014,wdi,https://data.worldbank.org/indicator/SH.MED.BEDS.ZS
HR,,,45.17,15.5,ACUTE,1000HAB,3.505,4124531,2017,eurostat,https://data.europa.eu/euodp/en/data/dataset/vswUL3c6yKoyahrvIRyew
HR,,,45.17,15.5,ICU,1000HAB,0.147,4290000,2011,icm-journal,https://link.springer.com/article/10.1007/s00134-012-2627-8
HR,,,45.17,15.5,TOTAL,1000HAB,5.6,4203604,2015,wdi,https://data.worldbank.org/indicator/SH.MED.BEDS.ZS
HT,,,19,-72.42,TOTAL,1000HAB,0.7,10400673,2013,wdi,https://data.worldbank.org/indicator/SH.MED.BEDS.ZS
HU,,,47,20,ACUTE,1000HAB,4.2709,9787966,2017,eurostat,https://data.europa.eu/euodp/en/data/dataset/vswUL3c6yKoyahrvIRyew
HU,,,47,20,ICU,1000HAB,0.138,9937628,2011,icm-journal,https://link.springer.com/article/10.1007/s00134-012-2627-8
HU,,,47,20,PSYCHIATRIC,1000HAB,0.87,9787966,2017,oecd,https://data.oecd.org/healtheqt/hospital-beds.htm
HU,,,47,20,TOTAL,1000HAB,7.02,9787966,2017,oecd,https://data.oecd.org/healtheqt/hospital-beds.htm
ID,,,-5,120,ICU,1000HAB,0.027,264600000,2017,ccm-journal,https://www.researchgate.net/figure/Number-of-critical-care-beds-per-100-000-population_fig1_338520008
ID,,,-5,120,TOTAL,1000HAB,1.04,264645886,2017,oecd,https://data.oecd.org/healtheqt/hospital-beds.htm
IE,,,53,-8,ACUTE,1000HAB,2.77,4807388,2017,oecd,https://data.oecd.org/healtheqt/hospital-beds.htm
IE,,,53,-8,ICU,1000HAB,0.065,4571000,2011,icm-journal,https://link.springer.com/article/10.1007/s00134-012-2627-8
IE,,,53,-8,PSYCHIATRIC,1000HAB,0.34,4807388,2017,oecd,https://data.oecd.org/healtheqt/hospital-beds.htm
IE,,,53,-8,TOTAL,1000HAB,2.96,4807388,2017,oecd,https://data.oecd.org/healtheqt/hospital-beds.htm
IL,,,31.5,34.75,ACUTE,1000HAB,2.19,8882800,2018,oecd,https://data.oecd.org/healtheqt/hospital-beds.htm
IL,,,31.5,34.75,PSYCHIATRIC,1000HAB,0.4,8882800,2018,oecd,https://data.oecd.org/healtheqt/hospital-beds.htm
IL,,,31.5,34.75,TOTAL,1000HAB,2.99,8882800,2018,oecd,https://data.oecd.org/healtheqt/hospital-beds.htm
IN,,,20,77,ICU,1000HAB,0.023,1339000000,2017,ccm-journal,https://www.researchgate.net/figure/Number-of-critical-care-beds-per-100-000-population_fig1_338520008
IN,,,20,77,TOTAL,1000HAB,0.53,1339000000,2017,oecd,https://data.oecd.org/healtheqt/hospital-beds.htm
IQ,,,33,44,TOTAL,1000HAB,1.4,34411951,2014,wdi,https://data.worldbank.org/indicator/SH.MED.BEDS.ZS
IR,,,32,53,ICU,1000HAB,0.046,80670000,2017,ccm-journal,https://www.researchgate.net/figure/Number-of-critical-care-beds-per-100-000-population_fig1_338520008
IR,,,32,53,TOTAL,1000HAB,1.5,77465753,2014,wdi,https://data.worldbank.org/indicator/SH.MED.BEDS.ZS
IS,,,65,-18,ACUTE,1000HAB,2.37,352721,2018,oecd,https://data.oecd.org/healtheqt/hospital-beds.htm
IS,,,65,-18,ICU,1000HAB,0.091,319575,2011,icm-journal,https://link.springer.com/article/10.1007/s00134-012-2627-8
IS,,,65,-18,PSYCHIATRIC,1000HAB,0.37,352721,2018,oecd,https://data.oecd.org/healtheqt/hospital-beds.htm
IS,,,65,-18,TOTAL,1000HAB,2.91,352721,2018,oecd,https://data.oecd.org/healtheqt/hospital-beds.htm
IT,,,42.83,12.83,ACUTE,1000HAB,2.6247,60536709,2017,eurostat,https://data.europa.eu/euodp/en/data/dataset/vswUL3c6yKoyahrvIRyew
IT,,,42.83,12.83,ICU,1000HAB,0.084324,60480876,2020,gelocal.it,https://lanuovaferrara.gelocal.it/italia-mondo/cronaca/2020/03/19/news/dietro-la-corsa-a-nuovi-posti-in-terapia-intensiva-gli-errori-del-passato-1.38611596
IT,,,42.83,12.83,PSYCHIATRIC,1000HAB,0.09,60536709,2017,oecd,https://data.oecd.org/healtheqt/hospital-beds.htm
IT,,,42.83,12.83,TOTAL,1000HAB,3.18,60536709,2017,oecd,https://data.oecd.org/healtheqt/hospital-beds.htm
JM,,,18.25,-77.5,TOTAL,1000HAB,1.7,2858709,2013,wdi,https://data.worldbank.org/indicator/SH.MED.BEDS.ZS
JO,,,31,36,TOTAL,1000HAB,1.4,9266575,2015,wdi,https://data.worldbank.org/indicator/SH.MED.BEDS.ZS
JP,,,36,138,ACUTE,1000HAB,7.79,126785797,2017,oecd,https://data.oecd.org/healtheqt/hospital-beds.htm
JP,,,36,138,ICU,1000HAB,0.073,126800000,2017,ccm-journal,https://www.researchgate.net/figure/Number-of-critical-care-beds-per-100-000-population_fig1_338520008
JP,,,36,138,PSYCHIATRIC,1000HAB,2.62,126785797,2017,oecd,https://data.oecd.org/healtheqt/hospital-beds.htm
JP,,,36,138,TOTAL,1000HAB,13.05,126785797,2017,oecd,https://data.oecd.org/healtheqt/hospital-beds.htm
KE,,,1,38,TOTAL,1000HAB,1.4,42030676,2010,wdi,https://data.worldbank.org/indicator/SH.MED.BEDS.ZS
KG,,,41,75,TOTAL,1000HAB,4.5,5719600,2013,wdi,https://data.worldbank.org/indicator/SH.MED.BEDS.ZS
KH,,,13,105,TOTAL,1000HAB,0.8,15521436,2015,wdi,https://data.worldbank.org/indicator/SH.MED.BEDS.ZS
KI,,,1.42,173,TOTAL,1000HAB,1.9,110930,2015,wdi,https://data.worldbank.org/indicator/SH.MED.BEDS.ZS
KM,,,-12.17,44.25,TOTAL,1000HAB,2.2,689692,2010,wdi,https://data.worldbank.org/indicator/SH.MED.BEDS.ZS
KN,,,17.33,-62.75,TOTAL,1000HAB,2.3,49887,2012,wdi,https://data.worldbank.org/indicator/SH.MED.BEDS.ZS
KP,,,40,127,TOTAL,1000HAB,13.2,24800612,2012,wdi,https://data.worldbank.org/indicator/SH.MED.BEDS.ZS
KR,,,37,127.5,ACUTE,1000HAB,7.14,51361911,2017,oecd,https://data.oecd.org/healtheqt/hospital-beds.htm
KR,,,37,127.5,ICU,1000HAB,0.106,51470000,2017,ccm-journal,https://www.researchgate.net/figure/Number-of-critical-care-beds-per-100-000-population_fig1_338520008
KR,,,37,127.5,PSYCHIATRIC,1000HAB,1.31,51361911,2017,oecd,https://data.oecd.org/healtheqt/hospital-beds.htm
KR,,,37,127.5,TOTAL,1000HAB,12.27,51361911,2017,oecd,https://data.oecd.org/healtheqt/hospital-beds.htm
KW,,,29.34,47.66,TOTAL,1000HAB,2,3690942,2014,wdi,https://data.worldbank.org/indicator/SH.MED.BEDS.ZS
KY,,,19.5,-80.5,TOTAL,1000HAB,3,25312,1990,wdi,https://data.worldbank.org/indicator/SH.MED.BEDS.ZS
KZ,,,48,68,ICU,1000HAB,0.213,18040000,2017,ccm-journal,https://www.researchgate.net/figure/Number-of-critical-care-beds-per-100-000-population_fig1_338520008
KZ,,,48,68,TOTAL,1000HAB,6.7,17035550,2013,wdi,https://data.worldbank.org/indicator/SH.MED.BEDS.ZS
LA,,,18,105,ICU,1000HAB,0.021,6953000,2017,ccm-journal,https://www.researchgate.net/figure/Number-of-critical-care-beds-per-100-000-population_fig1_338520008
LA,,,18,105,TOTAL,1000HAB,1.5,6444530,2012,wdi,https://data.worldbank.org/indicator/SH.MED.BEDS.ZS
LB,,,33.83,35.83,TOTAL,1000HAB,2.9,6262410,2014,wdi,https://data.worldbank.org/indicator/SH.MED.BEDS.ZS
LC,,,13.88,-61.13,TOTAL,1000HAB,1.3,177513,2013,wdi,https://data.worldbank.org/indicator/SH.MED.BEDS.ZS
LI,,,47.17,9.53,ACUTE,1000HAB,2.3971,37800,2017,eurostat,https://data.europa.eu/euodp/en/data/dataset/vswUL3c6yKoyahrvIRyew
LK,,,7,81,ICU,1000HAB,0.023,21440000,2017,ccm-journal,https://www.researchgate.net/figure/Number-of-critical-care-beds-per-100-000-population_fig1_338520008
LK,,,7,81,TOTAL,1000HAB,3.6,20425000,2012,wdi,https://data.worldbank.org/indicator/SH.MED.BEDS.ZS
LR,,,6.5,-9.5,TOTAL,1000HAB,0.8,3891356,2010,wdi,https://data.worldbank.org/indicator/SH.MED.BEDS.ZS
LS,,,-29.5,28.5,TOTAL,1000HAB,1.3,1989939,2006,wdi,https://data.worldbank.org/indicator/SH.MED.BEDS.ZS
LT,,,56,24,ACUTE,1000HAB,5.472,2828403,2017,eurostat,https://data.europa.eu/euodp/en/data/dataset/vswUL3c6yKoyahrvIRyew
LT,,,56,24,ICU,1000HAB,0.155,3028000,2011,icm-journal,https://link.springer.com/article/10.1007/s00134-012-2627-8
LT,,,56,24,PSYCHIATRIC,1000HAB,0.99,2828403,2017,oecd,https://data.oecd.org/healtheqt/hospital-beds.htm
LT,,,56,24,TOTAL,1000HAB,6.56,2828403,2017,oecd,https://data.oecd.org/healtheqt/hospital-beds.htm
LU,,,49.75,6.17,ACUTE,1000HAB,3.7,607950,2018,oecd,https://data.oecd.org/healtheqt/hospital-beds.htm
LU,,,49.75,6.17,ICU,1000HAB,0.248,511840,2011,icm-journal,https://link.springer.com/article/10.1007/s00134-012-2627-8
LU,,,49.75,6.17,PSYCHIATRIC,1000HAB,0.74,607950,2018,oecd,https://data.oecd.org/healtheqt/hospital-beds.htm
LU,,,49.75,6.17,TOTAL,1000HAB,4.51,607950,2018,oecd,https://data.oecd.org/healtheqt/hospital-beds.htm
LV,,,57,25,ACUTE,1000HAB,3.3,1942248,2017,oecd,https://data.oecd.org/healtheqt/hospital-beds.htm
LV,,,57,25,ICU,1000HAB,0.097,2070000,2011,icm-journal,https://link.springer.com/article/10.1007/s00134-012-2627-8
LV,,,57,25,PSYCHIATRIC,1000HAB,1.25,1942248,2017,oecd,https://data.oecd.org/healtheqt/hospital-beds.htm
LV,,,57,25,TOTAL,1000HAB,5.57,1942248,2017,oecd,https://data.oecd.org/healtheqt/hospital-beds.htm
LY,,,25,17,TOTAL,1000HAB,3.7,6362037,2014,wdi,https://data.worldbank.org/indicator/SH.MED.BEDS.ZS
MA,,,32,-5,TOTAL,1000HAB,1.1,34192347,2014,wdi,https://data.worldbank.org/indicator/SH.MED.BEDS.ZS
MC,,,43.73,7.4,TOTAL,1000HAB,13.8,36460,2012,wdi,https://data.worldbank.org/indicator/SH.MED.BEDS.ZS
MD,,,47,29,TOTAL,1000HAB,5.8,2858692,2013,wdi,https://data.worldbank.org/indicator/SH.MED.BEDS.ZS
ME,,,42,19,TOTAL,1000HAB,4,620601,2012,wdi,https://data.worldbank.org/indicator/SH.MED.BEDS.ZS
MG,,,-20,47,TOTAL,1000HAB,0.2,21151640,2010,wdi,https://data.worldbank.org/indicator/SH.MED.BEDS.ZS
MH,,,9,168,TOTAL,1000HAB,2.7,56366,2010,wdi,https://data.worldbank.org/indicator/SH.MED.BEDS.ZS
MK,,,41.83,22,ACUTE,1000HAB,2.8619,2081996,2017,eurostat,https://data.europa.eu/euodp/en/data/dataset/vswUL3c6yKoyahrvIRyew
MK,,,41.83,22,TOTAL,1000HAB,4.4,2076067,2013,wdi,https://data.worldbank.org/indicator/SH.MED.BEDS.ZS
ML,,,17,-4,TOTAL,1000HAB,0.1,15049353,2010,wdi,https://data.worldbank.org/indicator/SH.MED.BEDS.ZS
MM,,,22,98,ICU,1000HAB,0.011,53380000,2017,ccm-journal,https://www.researchgate.net/figure/Number-of-critical-care-beds-per-100-000-population_fig1_338520008
MM,,,22,98,TOTAL,1000HAB,0.9,51413698,2012,wdi,https://data.worldbank.org/indicator/SH.MED.BEDS.ZS
MN,,,46,105,ICU,1000HAB,0.088,3114000,2017,ccm-journal,https://www.researchgate.net/figure/Number-of-critical-care-beds-per-100-000-population_fig1_338520008
MN,,,46,105,TOTAL,1000HAB,7,2824699,2012,wdi,https://data.worldbank.org/indicator/SH.MED.BEDS.ZS
MO,,,22.17,113.55,TOTAL,1000HAB,5.2953,246194,1970,world-bank,https://datahub.io/world-bank/sh.med.beds.zs
MR,,,20,-12,TOTAL,1000HAB,0.4,3111906,2006,wdi,https://data.worldbank.org/indicator/SH.MED.BEDS.ZS
MT,,,35.83,14.58,ACUTE,1000HAB,3.1752,467999,2017,eurostat,https://data.europa.eu/euodp/en/data/dataset/vswUL3c6yKoyahrvIRyew
MT,,,35.83,14.58,TOTAL,1000HAB,4.7,434558,2014,wdi,https://data.worldbank.org/indicator/SH.MED.BEDS.ZS
MU,,,-20.28,57.55,TOTAL,1000HAB,3.4,1252404,2011,wdi,https://data.worldbank.org/indicator/SH.MED.BEDS.ZS
MV,,,3.25,73,TOTAL,1000HAB,4.3,353398,2009,wdi,https://data.worldbank.org/indicator/SH.MED.BEDS.ZS
MW,,,-13.5,34,TOTAL,1000HAB,1.3,14962112,2011,wdi,https://data.worldbank.org/indicator/SH.MED.BEDS.ZS
MX,,,23,-102,ACUTE,1000HAB,1.38,124777324,2017,oecd,https://data.oecd.org/healtheqt/hospital-beds.htm
MX,,,23,-102,PSYCHIATRIC,1000HAB,0.03,124777324,2017,oecd,https://data.oecd.org/healtheqt/hospital-beds.htm
MX,,,23,-102,TOTAL,1000HAB,1.38,124777324,2017,oecd,https://data.oecd.org/healtheqt/hospital-beds.htm
MY,,,2.5,112.5,ICU,1000HAB,0.034,31110000,2017,ccm-journal,https://www.researchgate.net/figure/Number-of-critical-care-beds-per-100-000-population_fig1_338520008
MY,,,2.5,112.5,TOTAL,1000HAB,1.9,30270962,2015,wdi,https://data.worldbank.org/indicator/SH.MED.BEDS.ZS
MZ,,,-18.25,35,TOTAL,1000HAB,0.7,24187487,2011,wdi,https://data.worldbank.org/indicator/SH.MED.BEDS.ZS
NE,,,16,8,TOTAL,1000HAB,0.3,20001663,2015,wdi,https://data.worldbank.org/indicator/SH.MED.BEDS.ZS
NG,,,10,8,TOTAL,1000HAB,0.5,135320422,2004,wdi,https://data.worldbank.org/indicator/SH.MED.BEDS.ZS
NI,,,13,-85,TOTAL,1000HAB,0.9,6142733,2014,wdi,https://data.worldbank.org/indicator/SH.MED.BEDS.ZS
NL,,,52.5,5.75,ACUTE,1000HAB,2.9214,17131296,2017,eurostat,https://data.europa.eu/euodp/en/data/dataset/vswUL3c6yKoyahrvIRyew
NL,,,52.5,5.75,ICU,1000HAB,0.064,16660000,2011,icm-journal,https://link.springer.com/article/10.1007/s00134-012-2627-8
NL,,,52.5,5.75,PSYCHIATRIC,1000HAB,0.91,17131296,2017,oecd,https://data.oecd.org/healtheqt/hospital-beds.htm
NL,,,52.5,5.75,TOTAL,1000HAB,3.32,17131296,2017,oecd,https://data.oecd.org/healtheqt/hospital-beds.htm
NO,,,62,10,ACUTE,1000HAB,3.2,5276968,2017,oecd,https://data.oecd.org/healtheqt/hospital-beds.htm
NO,,,62,10,ICU,1000HAB,0.08,5000000,2011,icm-journal,https://link.springer.com/article/10.1007/s00134-012-2627-8
NO,,,62,10,PSYCHIATRIC,1000HAB,1.07,5276968,2017,oecd,https://data.oecd.org/healtheqt/hospital-beds.htm
NO,,,62,10,TOTAL,1000HAB,3.6,5276968,2017,oecd,https://data.oecd.org/healtheqt/hospital-beds.htm
NP,,,28,84,ICU,1000HAB,0.028,27630000,2017,ccm-journal,https://www.researchgate.net/figure/Number-of-critical-care-beds-per-100-000-population_fig1_338520008
NP,,,28,84,TOTAL,1000HAB,0.3,26989862,2012,wdi,https://data.worldbank.org/indicator/SH.MED.BEDS.ZS
NR,,,-0.53,166.92,TOTAL,1000HAB,5,10005,2010,wdi,https://data.worldbank.org/indicator/SH.MED.BEDS.ZS
NZ,,,-41,174,ACUTE,1000HAB,2.59,4841000,2018,oecd,https://data.oecd.org/healtheqt/hospital-beds.htm
NZ,,,-41,174,PSYCHIATRIC,1000HAB,0.3,4841000,2018,oecd,https://data.oecd.org/healtheqt/hospital-beds.htm
NZ,,,-41,174,TOTAL,1000HAB,2.61,4841000,2018,oecd,https://data.oecd.org/healtheqt/hospital-beds.htm
OM,,,21,57,ICU,1000HAB,0.146,4666000,2017,ccm-journal,https://www.researchgate.net/figure/Number-of-critical-care-beds-per-100-000-population_fig1_338520008
OM,,,21,57,TOTAL,1000HAB,1.6,4027260,2014,wdi,https://data.worldbank.org/indicator/SH.MED.BEDS.ZS
PA,,,9,-80,TOTAL,1000HAB,2.3,3835437,2013,wdi,https://data.worldbank.org/indicator/SH.MED.BEDS.ZS
PE,,,-10,-76,TOTAL,1000HAB,1.6,30090359,2014,wdi,https://data.worldbank.org/indicator/SH.MED.BEDS.ZS
PG,,,-6,147,TOTAL,1000HAB,4.0242,4615839,1990,wdi,https://data.worldbank.org/indicator/SH.MED.BEDS.ZS
PH,,,13,122,ICU,1000HAB,0.022,105200000,2017,ccm-journal,https://www.researchgate.net/figure/Number-of-critical-care-beds-per-100-000-population_fig1_338520008
PH,,,13,122,TOTAL,1000HAB,1,95570047,2011,wdi,https://data.worldbank.org/indicator/SH.MED.BEDS.ZS
PK,,,30,70,ICU,1000HAB,0.015,207900000,2017,ccm-journal,https://www.researchgate.net/figure/Number-of-critical-care-beds-per-100-000-population_fig1_338520008
PK,,,30,70,TOTAL,1000HAB,0.6,195306825,2014,wdi,https://data.worldbank.org/indicator/SH.MED.BEDS.ZS
PL,,,52,20,ACUTE,1000HAB,4.8514,37974826,2017,eurostat,https://data.europa.eu/euodp/en/data/dataset/vswUL3c6yKoyahrvIRyew
PL,,,52,20,ICU,1000HAB,0.069,38060000,2011,icm-journal,https://link.springer.com/article/10.1007/s00134-012-2627-8
PL,,,52,20,PSYCHIATRIC,1000HAB,0.65,37974826,2017,oecd,https://data.oecd.org/healtheqt/hospital-beds.htm
PL,,,52,20,TOTAL,1000HAB,6.62,37974826,2017,oecd,https://data.oecd.org/healtheqt/hospital-beds.htm
PR,,,18.25,-66.5,TOTAL,1000HAB,3.32,3724655,1996,wdi,https://data.worldbank.org/indicator/SH.MED.BEDS.ZS
PS,,,32,35.25,TOTAL,1000HAB,1.2,2588000,1996,world-bank,https://datahub.io/world-bank/sh.med.beds.zs
PT,,,39.5,-8,ACUTE,1000HAB,3.25,10300300,2017,oecd,https://data.oecd.org/healtheqt/hospital-beds.htm
PT,,,39.5,-8,ICU,1000HAB,0.042,10570000,2011,icm-journal,https://link.springer.com/article/10.1007/s00134-012-2627-8
PT,,,39.5,-8,PSYCHIATRIC,1000HAB,0.64,10300300,2017,oecd,https://data.oecd.org/healtheqt/hospital-beds.htm
PT,,,39.5,-8,TOTAL,1000HAB,3.39,10300300,2017,oecd,https://data.oecd.org/healtheqt/hospital-beds.htm
PW,,,7.5,134.5,TOTAL,1000HAB,4.8,17955,2010,wdi,https://data.worldbank.org/indicator/SH.MED.BEDS.ZS
PY,,,-23,-58,TOTAL,1000HAB,1.3,6333976,2011,wdi,https://data.worldbank.org/indicator/SH.MED.BEDS.ZS
QA,,,25.5,51.25,TOTAL,1000HAB,1.2,2459198,2014,wdi,https://data.worldbank.org/indicator/SH.MED.BEDS.ZS
RO,,,46,25,ACUTE,1000HAB,5.2533,19587491,2017,eurostat,https://data.europa.eu/euodp/en/data/dataset/vswUL3c6yKoyahrvIRyew
RO,,,46,25,ICU,1000HAB,0.214,20200000,2011,icm-journal,https://link.springer.com/article/10.1007/s00134-012-2627-8
RO,,,46,25,TOTAL,1000HAB,6.3,19983693,2013,wdi,https://data.worldbank.org/indicator/SH.MED.BEDS.ZS
RS,,,44,21,ACUTE,1000HAB,4.6412,7020858,2017,eurostat,https://data.europa.eu/euodp/en/data/dataset/vswUL3c6yKoyahrvIRyew
RS,,,44,21,TOTAL,1000HAB,5.7,7199077,2012,wdi,https://data.worldbank.org/indicator/SH.MED.BEDS.ZS
RU,,,60,100,TOTAL,1000HAB,8.05,144496740,2017,oecd,https://data.oecd.org/healtheqt/hospital-beds.htm
RW,,,-2,30,TOTAL,1000HAB,1.6,9273757,2007,wdi,https://data.worldbank.org/indicator/SH.MED.BEDS.ZS
SA,,,25,45,ICU,1000HAB,0.228,33100000,2017,ccm-journal,https://www.researchgate.net/figure/Number-of-critical-care-beds-per-100-000-population_fig1_338520008
SA,,,25,45,TOTAL,1000HAB,2.7,30916994,2014,wdi,https://data.worldbank.org/indicator/SH.MED.BEDS.ZS
SB,,,-8,159,TOTAL,1000HAB,1.4,556064,2012,wdi,https://data.worldbank.org/indicator/SH.MED.BEDS.ZS
SC,,,-4.58,55.67,TOTAL,1000HAB,3.6,87441,2011,wdi,https://data.worldbank.org/indicator/SH.MED.BEDS.ZS
SD,,,15,30,TOTAL,1000HAB,0.8,37072550,2013,wdi,https://data.worldbank.org/indicator/SH.MED.BEDS.ZS
SE,,,62,15,ACUTE,1000HAB,2.04,10057698,2017,oecd,https://data.oecd.org/healtheqt/hospital-beds.htm
SE,,,62,15,ICU,1000HAB,0.051056,10263164,2019,icuregswe.org,https://portal.icuregswe.org/seiva/en/Rapport
SE,,,62,15,PSYCHIATRIC,1000HAB,0.43,10057698,2017,oecd,https://data.oecd.org/healtheqt/hospital-beds.htm
SE,,,62,15,TOTAL,1000HAB,2.137969,10120628,2018,vardenisiffror.se,https://vardenisiffror.se/indikator?graphselected=barchart&metadatameasure=ab0dd634-b383-4233-8c79-16d968488e53&units=06&units=19&units=09&units=01&units=21&units=13&units=03&units=23&units=05&units=25&units=17&units=07&units=10&units=20&units=18&units=08&units=12&units=22&units=14&units=04&units=24&units=se
SG,,,1.3521,103.8198,ACUTE,1000HAB,1.9861,5700000,2019,data.gov.sg,https://data.gov.sg/dataset/health-facilities?view_id=91b4feed-dcb9-4720-8cb0-ac2f04b7efd0&resource_id=dee5ccce-4dfb-467f-bcb4-dc025b56b977
SG,,,1.3521,103.8198,ICU,1000HAB,0.114,5612000,2017,ccm-journal,https://www.researchgate.net/figure/Number-of-critical-care-beds-per-100-000-population_fig1_338520008
SG,,,1.3521,103.8198,PSYCHIATRIC,1000HAB,34.21,5700000,2019,data.gov.sg,https://data.gov.sg/dataset/health-facilities?view_id=91b4feed-dcb9-4720-8cb0-ac2f04b7efd0&resource_id=dee5ccce-4dfb-467f-bcb4-dc025b56b977
SG,,,1.3521,103.8198,TOTAL,1000HAB,2.6766,5700000,2019,data.gov.sg,https://data.gov.sg/dataset/health-facilities?view_id=91b4feed-dcb9-4720-8cb0-ac2f04b7efd0&resource_id=dee5ccce-4dfb-467f-bcb4-dc025b56b977
SI,,,46,15,ACUTE,1000HAB,4.2035,2066388,2017,eurostat,https://data.europa.eu/euodp/en/data/dataset/vswUL3c6yKoyahrvIRyew
SI,,,46,15,ICU,1000HAB,0.064,2050000,2011,icm-journal,https://link.springer.com/article/10.1007/s00134-012-2627-8
SI,,,46,15,PSYCHIATRIC,1000HAB,0.66,2066388,2017,oecd,https://data.oecd.org/healtheqt/hospital-beds.htm
SI,,,46,15,TOTAL,1000HAB,4.5,2066388,2017,oecd,https://data.oecd.org/healtheqt/hospital-beds.htm
SK,,,48.67,19.5,ACUTE,1000HAB,4.91,5439232,2017,oecd,https://data.oecd.org/healtheqt/hospital-beds.htm
SK,,,48.67,19.5,ICU,1000HAB,0.092,5404322,2011,icm-journal,https://link.springer.com/article/10.1007/s00134-012-2627-8
SK,,,48.67,19.5,PSYCHIATRIC,1000HAB,0.81,5439232,2017,oecd,https://data.oecd.org/healtheqt/hospital-beds.htm
SK,,,48.67,19.5,TOTAL,1000HAB,5.82,5439232,2017,oecd,https://data.oecd.org/healtheqt/hospital-beds.htm
SL,,,8.5,-11.5,TOTAL,1000HAB,0.4,5829237,2006,wdi,https://data.worldbank.org/indicator/SH.MED.BEDS.ZS
SM,,,43.77,12.42,TOTAL,1000HAB,3.8,32105,2012,wdi,https://data.worldbank.org/indicator/SH.MED.BEDS.ZS
SN,,,14,-14,TOTAL,1000HAB,0.3,12004701,2008,wdi,https://data.worldbank.org/indicator/SH.MED.BEDS.ZS
SO,,,10,49,TOTAL,1000HAB,0.9,13423576,2014,wdi,https://data.worldbank.org/indicator/SH.MED.BEDS.ZS
SR,,,4,-56,TOTAL,1000HAB,3.1,529131,2010,wdi,https://data.worldbank.org/indicator/SH.MED.BEDS.ZS
ST,,,1,7,TOTAL,1000HAB,2.9,184524,2011,wdi,https://data.worldbank.org/indicator/SH.MED.BEDS.ZS
SV,,,13.83,-88.92,TOTAL,1000HAB,1.3,6295128,2014,wdi,https://data.worldbank.org/indicator/SH.MED.BEDS.ZS
SY,,,35,38,TOTAL,1000HAB,1.5,18715672,2014,wdi,https://data.worldbank.org/indicator/SH.MED.BEDS.ZS
SZ,,,-26.5,31.5,TOTAL,1000HAB,2.1,1072000,2011,wdi,https://data.worldbank.org/indicator/SH.MED.BEDS.ZS
TD,,,15,19,TOTAL,1000HAB,0.4,10096633,2005,wdi,https://data.worldbank.org/indicator/SH.MED.BEDS.ZS
TG,,,8,1.17,TOTAL,1000HAB,0.7,6595943,2011,wdi,https://data.worldbank.org/indicator/SH.MED.BEDS.ZS
TH,,,15,100,ICU,1000HAB,0.104,69210000,2017,ccm-journal,https://www.researchgate.net/figure/Number-of-critical-care-beds-per-100-000-population_fig1_338520008
TH,,,15,100,TOTAL,1000HAB,2.1,67195028,2010,wdi,https://data.worldbank.org/indicator/SH.MED.BEDS.ZS
TJ,,,39,71,TOTAL,1000HAB,4.8,8059769,2013,wdi,https://data.worldbank.org/indicator/SH.MED.BEDS.ZS
TL,,,8.8742,125.7275,TOTAL,1000HAB,5.9,1093523,2010,wdi,https://data.worldbank.org/indicator/SH.MED.BEDS.ZS
TM,,,40,60,TOTAL,1000HAB,7.4,5366375,2013,wdi,https://data.worldbank.org/indicator/SH.MED.BEDS.ZS
TN,,,34,9,TOTAL,1000HAB,2.3,11179949,2015,wdi,https://data.worldbank.org/indicator/SH.MED.BEDS.ZS
TO,,,-20,-175,TOTAL,1000HAB,2.6,103986,2010,wdi,https://data.worldbank.org/indicator/SH.MED.BEDS.ZS
TR,,,39,35,ACUTE,1000HAB,2.7815,81101892,2017,eurostat,https://data.europa.eu/euodp/en/data/dataset/vswUL3c6yKoyahrvIRyew
TR,,,39,35,PSYCHIATRIC,1000HAB,0.05,81101892,2017,oecd,https://data.oecd.org/healtheqt/hospital-beds.htm
TR,,,39,35,TOTAL,1000HAB,2.81,81101892,2017,oecd,https://data.oecd.org/healtheqt/hospital-beds.htm
TT,,,11,-61,TOTAL,1000HAB,3,1362342,2014,wdi,https://data.worldbank.org/indicator/SH.MED.BEDS.ZS
TV,,,-8,178,TOTAL,1000HAB,5.6,9484,2001,wdi,https://data.worldbank.org/indicator/SH.MED.BEDS.ZS
TW,,,23.5,121,ICU,1000HAB,0.285,23589000,2017,ccm-journal,https://www.researchgate.net/figure/Number-of-critical-care-beds-per-100-000-population_fig1_338520008
TZ,,,-6,35,TOTAL,1000HAB,0.7,44346525,2010,wdi,https://data.worldbank.org/indicator/SH.MED.BEDS.ZS
UA,,,49,32,TOTAL,1000HAB,8.8,45489600,2013,wdi,https://data.worldbank.org/indicator/SH.MED.BEDS.ZS
UG,,,1,32,TOTAL,1000HAB,0.5,32428167,2010,wdi,https://data.worldbank.org/indicator/SH.MED.BEDS.ZS
US,,,38,-97,ACUTE,1000HAB,2.48764,328004407,2019,argis,https://services1.arcgis.com/Hp6G80Pky0om7QvQ/arcgis/rest/services/Hospitals_1/FeatureServer/0
US,,,38,-97,ICU,1000HAB,0.302904,328004407,2019,argis,https://services1.arcgis.com/Hp6G80Pky0om7QvQ/arcgis/rest/services/Hospitals_1/FeatureServer/0
US,,,38,-97,OTHER,1000HAB,0.242003,328004407,2019,argis,https://services1.arcgis.com/Hp6G80Pky0om7QvQ/arcgis/rest/services/Hospitals_1/FeatureServer/0
US,,,38,-97,PSYCHIATRIC,1000HAB,0.21975,328004407,2019,argis,https://services1.arcgis.com/Hp6G80Pky0om7QvQ/arcgis/rest/services/Hospitals_1/FeatureServer/0
US,,,38,-97,TOTAL,1000HAB,2.77,322941311,2016,oecd,https://data.oecd.org/healtheqt/hospital-beds.htm
UY,,,-33,-56,TOTAL,1000HAB,2.8,3400434,2014,wdi,https://data.worldbank.org/indicator/SH.MED.BEDS.ZS
UZ,,,41,64,TOTAL,1000HAB,4,30243200,2013,wdi,https://data.worldbank.org/indicator/SH.MED.BEDS.ZS
VC,,,13.25,-61.2,TOTAL,1000HAB,2.6,108861,2014,wdi,https://data.worldbank.org/indicator/SH.MED.BEDS.ZS
VE,,,8,-66,TOTAL,1000HAB,0.8,30045134,2014,wdi,https://data.worldbank.org/indicator/SH.MED.BEDS.ZS
VI,,,18.33,-64.83,TOTAL,1000HAB,18.68,108095,1996,world-bank,https://datahub.io/world-bank/sh.med.beds.zs
VN,,,16,106,TOTAL,1000HAB,2.6,91714595,2014,wdi,https://data.worldbank.org/indicator/SH.MED.BEDS.ZS
VU,,,-16,167,TOTAL,1000HAB,1.7,224704,2008,wdi,https://data.worldbank.org/indicator/SH.MED.BEDS.ZS
WS,,,-13.58,-172.33,TOTAL,1000HAB,1,179727,2005,wdi,https://data.worldbank.org/indicator/SH.MED.BEDS.ZS
YE,,,15,48,TOTAL,1000HAB,0.7,25823485,2014,wdi,https://data.worldbank.org/indicator/SH.MED.BEDS.ZS
ZA,,,-29,24,TOTAL,1000HAB,2.32,51216964,2010,oecd,https://data.oecd.org/healtheqt/hospital-beds.htm
ZM,,,-15,30,TOTAL,1000HAB,2,13605984,2010,wdi,https://data.worldbank.org/indicator/SH.MED.BEDS.ZS
ZW,,,-20,30,TOTAL,1000HAB,1.7,12894316,2011,wdi,https://data.worldbank.org/indicator/SH.MED.BEDS.ZS